平塚ST1,その他,230,286
平塚ST2,その他,228,282
平塚ST3,その他,224,281
平塚ST4,その他,223,278
平塚ST5,その他,220,277
平塚ST6,その他,219,273
上野,三重県,152,282
亀山,三重県,159,279
伊勢,三重県,165,288
南島,三重県,160,294
名張,三重県,152,285
四日市,三重県,159,276
四日市,三重県,163,277
大山田,三重県,156,282
嬉野,三重県,158,287
宮川,三重県,157,292
宮川,三重県,157,291
尾鷲,三重県,154,299
尾鷲,三重県,153,299
度会,三重県,162,292
志摩,三重県,167,294
志摩,三重県,167,294
松阪,三重県,160,287
松阪,三重県,161,286
椿世,三重県,159,279
津,三重県,160,283
熊野,三重県,152,303
白山,三重県,157,285
紀和,三重県,148,303
紀宝,三重県,150,306
芸濃,三重県,159,280
菰野,三重県,160,275
藤原,三重県,160,272
飯高,三重県,157,290
丹後,京都府,132,258
久御山,京都府,145,278
久美浜,京都府,128,261
亀岡,京都府,140,275
亀岡,京都府,141,275
京都,京都府,145,276
京都,京都府,146,276
伊根,京都府,135,258
伊根,京都府,136,259
南山城,京都府,150,281
大布施,京都府,145,271
宇治,京都府,146,279
宮津,京都府,134,263
広河原,京都府,145,270
日吉,京都府,140,272
本庄,京都府,138,269
福知山,京都府,132,268
福知山,京都府,133,269
網野,京都府,130,259
美山,京都府,141,269
舞鶴,京都府,138,264
芦生,京都府,144,268
野田川,京都府,132,263
伊万里,佐賀県,26,318
伊万里,佐賀県,26,318
佐賀,佐賀県,34,318
厳木,佐賀県,29,317
唐津,佐賀県,26,314
富士,佐賀県,33,315
富士,佐賀県,32,316
東脊振,佐賀県,36,316
武雄,佐賀県,29,320
白石,佐賀県,30,320
鎮西,佐賀県,26,312
鎮西,佐賀県,25,312
鹿島,佐賀県,30,322
三原,兵庫県,126,293
三木,兵庫県,130,281
三田,兵庫県,135,277
上月,兵庫県,116,276
上郡,兵庫県,116,278
丹南,兵庫県,133,274
五色,兵庫県,125,290
出石,兵庫県,127,265
出石,兵庫県,127,264
加古川,兵庫県,126,280
加古川,兵庫県,126,280
加美,兵庫県,128,273
南光,兵庫県,118,274
南淡,兵庫県,124,294
和田山,兵庫県,127,267
夢前,兵庫県,123,275
大屋,兵庫県,123,268
姫路,兵庫県,123,280
山崎,兵庫県,121,276
山東,兵庫県,128,269
市川,兵庫県,125,276
新宮,兵庫県,120,277
明石,兵庫県,130,285
村岡,兵庫県,121,264
村岡,兵庫県,121,265
東条,兵庫県,131,278
東浦,兵庫県,130,287
波賀,兵庫県,120,270
波賀,兵庫県,120,272
洲本,兵庫県,128,292
浜坂,兵庫県,119,261
生野,兵庫県,125,272
相生,兵庫県,119,281
神戸,兵庫県,133,283
篠山,兵庫県,135,274
西宮,兵庫県,137,282
西脇,兵庫県,130,276
赤穂,兵庫県,117,282
香住,兵庫県,123,261
香住,兵庫県,122,260
黒井,兵庫県,132,272
龍野,兵庫県,120,279
えりも,北海道,296,104
えりも岬,北海道,297,106
ウトロ,北海道,333,53
トムラウシ,北海道,291,71
ニセコ,北海道,245,84
七飯,北海道,246,106
三石,北海道,284,98
三笠,北海道,270,74
上の湯,北海道,239,101
上川,北海道,288,59
上川,北海道,288,59
上猿払,北海道,277,25
上磯,北海道,244,108
上西春別,北海道,329,69
下川,北海道,285,47
下川東,北海道,288,47
下川西,北海道,285,48
中富良野,北海道,283,70
中川,北海道,273,39
中川,北海道,274,35
中札内,北海道,295,87
中標津,北海道,333,66
中標津,北海道,333,66
中頓別,北海道,277,32
中頓別,北海道,278,31
二股,北海道,311,76
仁宇布,北海道,284,42
今金,北海道,232,94
伊達,北海道,249,92
佐呂間,北海道,312,53
佐呂間,北海道,308,54
余別,北海道,239,72
余市,北海道,247,75
倶知安,北海道,248,81
倶知安,北海道,247,82
八雲,北海道,237,98
共和,北海道,244,80
函館,北海道,246,110
初山別,北海道,267,42
別海,北海道,336,70
別海東,北海道,336,70
別海西,北海道,329,70
北島歌,北海道,228,89
北檜山,北海道,231,92
北見,北海道,311,60
千歳,北海道,265,82
千歳,北海道,264,85
南富良野,北海道,284,75
南茅部,北海道,251,106
占冠,北海道,285,78
占冠,北海道,280,80
厚岸,北海道,330,78
厚床,北海道,338,74
厚沢部,北海道,238,104
厚田,北海道,261,70
厚真,北海道,269,88
古平,北海道,244,74
名寄,北海道,280,44
名寄,北海道,281,46
和寒,北海道,278,56
和寒,北海道,281,54
喜茂別,北海道,251,85
喜茂別,北海道,251,84
四番川,北海道,264,66
塘路,北海道,323,76
増毛,北海道,263,59
士別,北海道,280,50
士幌,北海道,297,75
壮瞥,北海道,249,90
夕張,北海道,272,80
夕張,北海道,272,80
大成,北海道,228,98
大樹,北海道,296,92
大樹,北海道,298,92
大滝,北海道,253,88
大滝,北海道,253,88
天人峡,北海道,286,64
天塩,北海道,271,33
天塩,北海道,267,33
女満別,北海道,317,57
宗谷岬,北海道,271,18
定山渓,北海道,255,80
室蘭,北海道,252,94
室蘭,北海道,252,95
富士見,北海道,299,63
富良野,北海道,279,70
富良野,北海道,280,71
寿都,北海道,236,85
小平東,北海道,271,53
小平西,北海道,268,54
小樽,北海道,252,75
小清水,北海道,322,58
小清水,北海道,322,58
小砂子,北海道,231,113
層雲峡,北海道,291,61
岩内,北海道,242,80
岩見沢,北海道,268,75
島牧,北海道,235,85
島牧,北海道,233,87
川湯,北海道,321,64
帯広,北海道,297,81
常呂,北海道,314,52
幌加内,北海道,275,55
幌加内中,北海道,275,52
幌加内北,北海道,275,48
幌加内南,北海道,275,55
幌延,北海道,274,30
幌毛志,北海道,278,86
平取,北海道,275,90
平取東,北海道,280,87
平取西,北海道,277,87
広尾,北海道,299,97
広島,北海道,263,80
弟子屈,北海道,322,67
当別,北海道,264,69
当別,北海道,262,74
愛別,北海道,284,57
戸井,北海道,252,111
支笏湖畔,北海道,260,85
斜里,北海道,326,57
斜里北,北海道,333,53
斜里南,北海道,329,57
新冠,北海道,283,89
新得,北海道,289,78
新得北,北海道,291,71
新得南,北海道,291,75
新篠津,北海道,265,74
日高,北海道,281,82
早来,北海道,269,85
旭川,北海道,280,61
月形,北海道,265,71
朝日,北海道,284,52
木古内,北海道,240,112
木間内,北海道,239,106
本別,北海道,305,77
本別,北海道,305,77
本別海,北海道,339,70
札幌,北海道,259,76
朱鞠内,北海道,275,48
東利尻,北海道,256,24
松前,北海道,234,118
枝幸,北海道,284,32
栗山,北海道,268,78
根室,北海道,345,71
森,北海道,243,102
椴法華,北海道,255,108
様似,北海道,291,101
様似,北海道,291,101
標津,北海道,336,63
標津北,北海道,334,60
標津南,北海道,332,63
標茶,北海道,325,72
標茶北,北海道,326,70
標茶南,北海道,327,74
歌登,北海道,282,34
歌登北,北海道,282,34
歌登南,北海道,284,37
正修,北海道,271,42
江別,北海道,263,77
江差,北海道,234,107
池田,北海道,302,81
沼川,北海道,269,24
沼田,北海道,271,59
沼田,北海道,271,60
泊,北海道,242,78
津別,北海道,313,62
浜中,北海道,336,74
浜中,北海道,336,78
浜益,北海道,260,65
浜頓別,北海道,281,28
浜頓別,北海道,279,27
浦幌,北海道,306,84
浦河,北海道,288,100
深川,北海道,273,62
深川北,北海道,275,59
深川南,北海道,274,62
清水,北海道,290,83
港町,北海道,265,51
湧別,北海道,305,50
湧別北,北海道,305,50
湯ノ岱,北海道,237,110
滝上,北海道,294,50
滝上北,北海道,294,50
滝上南,北海道,293,52
滝川,北海道,270,66
瀬棚,北海道,228,93
熊石,北海道,232,101
熊石,北海道,231,101
猿払,北海道,274,22
猿払北,北海道,275,22
猿払南,北海道,277,25
生花,北海道,301,89
由仁,北海道,268,80
留萌,北海道,265,56
留辺蘂,北海道,302,61
留辺蘂,北海道,305,60
登別,北海道,253,94
白滝,北海道,294,59
白滝,北海道,296,58
白糠,北海道,314,81
白糠北,北海道,311,76
白糠南,北海道,313,80
白老,北海道,259,90
白老,北海道,259,90
目黒,北海道,299,101
直別,北海道,310,83
相泊,北海道,338,52
真狩,北海道,248,85
知内,北海道,240,114
石狩,北海道,258,75
砂川,北海道,270,67
礼文,北海道,253,23
神恵内,北海道,240,76
福島,北海道,236,117
稚内,北海道,265,20
稚内北,北海道,270,18
稚内東,北海道,270,25
稚内西,北海道,265,24
稲穂,北海道,222,98
穂別,北海道,275,83
穂別,北海道,275,85
積丹,北海道,244,72
糠平,北海道,299,72
紋別,北海道,300,46
納沙布,北海道,350,70
網走,北海道,318,54
置戸,北海道,304,63
置戸東,北海道,303,64
羅臼,北海道,337,54
美唄,北海道,269,71
美幌,北海道,317,62
美幌,北海道,315,59
美深,北海道,279,43
美深北,北海道,278,40
美深東,北海道,284,41
美深西,北海道,278,43
美瑛,北海道,282,65
美瑛東,北海道,284,67
美瑛西,北海道,280,67
羽幌,北海道,266,46
興部,北海道,295,43
興部東,北海道,297,46
興部西,北海道,293,45
船泊,北海道,253,20
芦別,北海道,276,67
芽室,北海道,294,82
苫小牧,北海道,264,88
落石,北海道,344,75
薫別,北海道,334,60
蘭越,北海道,241,84
蘭越,北海道,242,84
西興部,北海道,291,47
豊富,北海道,268,28
豊富,北海道,267,28
豊浦,北海道,245,88
豊浦,北海道,245,90
豊頃,北海道,303,84
赤井川,北海道,248,77
赤井川,北海道,248,77
足寄,北海道,304,74
足寄東,北海道,311,70
足寄西,北海道,301,73
農屋,北海道,282,94
追分,北海道,268,83
追分,北海道,268,83
達布,北海道,269,54
遠別,北海道,268,39
遠別,北海道,269,37
遠軽,北海道,303,53
釧路,北海道,321,80
長万部,北海道,239,92
門別,北海道,273,92
門別東,北海道,279,89
門別西,北海道,273,91
阿寒,北海道,315,77
阿寒北,北海道,315,69
阿寒南,北海道,315,77
阿寒湖畔,北海道,315,69
陸別,北海道,306,68
陸別,北海道,308,68
雄冬,北海道,259,61
雄武,北海道,289,42
雄武,北海道,292,41
青苗,北海道,220,102
静内,北海道,279,95
静内,北海道,280,96
音威子府,北海道,277,36
音威子府,北海道,278,37
風烈布,北海道,288,37
鵡川,北海道,271,90
鶴居,北海道,319,74
鶴居南,北海道,320,76
鶴居東,北海道,322,74
鶴居西,北海道,318,73
鹿部,北海道,248,103
黒松内,北海道,241,89
黒松内,北海道,238,88
下総,千葉県,232,256
佐倉,千葉県,236,258
佐原,千葉県,241,254
八日市場,千葉県,243,258
勝浦,千葉県,238,272
勝浦北,千葉県,237,271
勝浦東,千葉県,238,272
匝瑳,千葉県,242,258
千倉,千葉県,230,277
千葉,千葉県,236,262
千葉,千葉県,234,261
姉崎,千葉県,232,264
富津,千葉県,229,267
富津,千葉県,229,268
岬,千葉県,239,268
市場,千葉県,233,268
市川北,千葉県,231,257
成田,千葉県,238,255
成田,千葉県,238,257
木更津,千葉県,230,267
木更津市役所,千葉県,230,267
東金,千葉県,238,262
松戸,千葉県,229,256
浦安,千葉県,229,260
白井,千葉県,233,256
白浜,千葉県,229,278
稲毛,千葉県,233,260
茂原,千葉県,237,265
蓮沼,千葉県,242,261
蓮沼,千葉県,242,261
行徳,千葉県,230,259
野田,千葉県,229,252
銚子,千葉県,248,258
銚子中,千葉県,248,258
鋸南,千葉県,228,273
長南,千葉県,236,266
養老,千葉県,235,269
館山,千葉県,228,276
館山西,千葉県,227,277
鴨川,千葉県,231,272
鴨川,千葉県,234,273
鴨川南,千葉県,233,274
すさみ,和歌山県,141,311
すさみ,和歌山県,140,311
上富田,和歌山県,139,308
串本,和歌山県,146,313
印南,和歌山県,134,305
和歌山,和歌山県,131,293
和歌山,和歌山県,133,295
大塔,和歌山県,142,308
太地,和歌山県,149,310
広川,和歌山県,134,301
御坊,和歌山県,133,303
新宮,和歌山県,150,307
有田,和歌山県,132,298
木守,和歌山県,143,308
本宮,和歌山県,145,304
清水,和歌山県,138,298
田辺,和歌山県,137,307
花園,和歌山県,141,297
那智勝浦,和歌山県,147,310
那賀,和歌山県,139,292
那賀,和歌山県,138,294
野上,和歌山県,136,297
高野,和歌山県,142,295
龍神,和歌山県,140,303
中津川,埼玉県,207,251
久喜,埼玉県,225,249
名栗,埼玉県,214,253
大宮,埼玉県,224,254
小川,埼玉県,216,250
小鹿野,埼玉県,210,251
岩槻,埼玉県,226,253
川口,埼玉県,226,256
川本,埼玉県,217,248
川越,埼玉県,221,254
所沢,埼玉県,222,256
所沢,埼玉県,221,256
日高,埼玉県,219,254
春日部,埼玉県,226,252
本庄,埼玉県,215,245
東松山,埼玉県,219,250
熊谷,埼玉県,219,248
皆野,埼玉県,213,250
神泉,埼玉県,212,248
秩父,埼玉県,213,251
都幾川,埼玉県,216,251
長瀞,埼玉県,213,248
飯能,埼玉県,217,255
飯能,埼玉県,218,255
三重,大分県,60,325
中津,大分県,54,311
九重,大分県,53,318
佐伯,大分県,66,327
佐伯,大分県,67,326
佐賀関,大分県,66,319
国東,大分県,63,311
国見,大分県,60,308
大分,大分県,61,319
天瀬,大分県,49,319
宇目,大分県,62,328
宇目東,大分県,62,329
宇目西,大分県,59,329
安岐,大分県,62,313
山国,大分県,49,315
山香,大分県,57,314
庄内,大分県,55,322
杵築,大分県,61,315
津久見,大分県,66,323
湯布院,大分県,55,319
犬飼,大分県,60,323
直入,大分県,56,323
竹田,大分県,56,326
竹田,大分県,56,326
耶馬渓,大分県,51,314
蒲江,大分県,67,330
豊後高田,大分県,57,311
野津原,大分県,59,321
院内,大分県,55,314
交野,大阪府,144,282
四條畷,大阪府,143,282
堺,大阪府,139,286
大阪,大阪府,140,283
大阪,大阪府,140,283
太子,大阪府,143,287
岸和田,大阪府,138,290
此花,大阪府,138,284
河内長野,大阪府,142,290
泉南,大阪府,135,291
田尻,大阪府,135,291
羽曳野,大阪府,142,287
能勢,大阪府,138,277
豊中,大阪府,139,282
高槻,大阪府,142,279
上北山,奈良県,150,297
五條,奈良県,144,292
十津川,奈良県,145,302
十津川東,奈良県,147,301
十津川西,奈良県,143,301
大和高田,奈良県,144,288
大塔,奈良県,145,295
天理,奈良県,147,286
奈良,奈良県,147,284
山添,奈良県,151,285
川上,奈良県,150,293
川上,奈良県,149,292
東吉野,奈良県,151,290
榛原,奈良県,149,287
生駒,奈良県,145,283
黒滝,奈良県,147,293
仙台,宮城県,252,196
仙台,宮城県,250,196
伊里前,宮城県,262,185
作並,宮城県,244,194
利府,宮城県,251,194
北上,宮城県,260,188
南三陸,宮城県,260,185
古川,宮城県,251,188
唐桑,宮城県,265,180
塩竈,宮城県,252,194
大和,宮城県,250,191
小野田,宮城県,247,188
山元,宮城県,250,204
岩沼,宮城県,249,199
岩沼,宮城県,249,200
川崎,宮城県,244,198
志津川,宮城県,261,186
東和,宮城県,258,183
東和,宮城県,258,184
歌津,宮城県,262,184
気仙沼,宮城県,263,180
河北,宮城県,259,190
牡鹿,宮城県,262,195
田尻,宮城県,253,188
白石,宮城県,244,202
白石,宮城県,244,202
石巻,宮城県,258,192
築館,宮城県,252,184
角田,宮城県,247,203
豊里,宮城県,257,188
鳴子,宮城県,245,181
鳴子,宮城県,245,183
鳴子温泉,宮城県,246,184
えびの,宮崎県,44,348
串間,宮崎県,53,363
五ヶ瀬,宮崎県,53,333
佐土原,宮崎県,58,349
北川,宮崎県,62,332
北川,宮崎県,62,332
北郷,宮崎県,57,337
南郷,宮崎県,54,341
南郷,宮崎県,55,340
国富,宮崎県,54,349
宮崎,宮崎県,57,352
小林,宮崎県,48,349
川南,宮崎県,59,344
延岡,宮崎県,62,337
延岡,宮崎県,62,336
日南,宮崎県,55,360
日南,宮崎県,56,359
日向,宮崎県,60,340
日向,宮崎県,61,339
東郷,宮崎県,58,341
椎葉,宮崎県,50,338
椎葉,宮崎県,51,338
田野,宮崎県,54,353
綾,宮崎県,54,350
西米良,宮崎県,52,345
西米良,宮崎県,51,344
西都,宮崎県,56,347
諸塚,宮崎県,55,337
都井岬,宮崎県,55,364
都城,宮崎県,50,356
都城北,宮崎県,47,353
都城南,宮崎県,50,356
都農,宮崎県,60,343
須木,宮崎県,50,348
高千穂,宮崎県,55,332
高崎,宮崎県,50,353
井波,富山県,170,237
八尾,富山県,174,237
八尾,富山県,173,237
利賀,富山県,171,240
利賀,富山県,171,240
境,富山県,183,227
大山,富山県,176,236
大門,富山県,171,234
宇奈月,富山県,181,230
富山,富山県,176,233
富山,富山県,175,235
小矢部,富山県,168,235
新湊,富山県,172,232
氷見,富山県,169,230
氷見,富山県,170,230
福光,富山県,168,238
芦弁,富山県,178,237
魚津,富山県,180,232
魚津,富山県,179,231
むつみ,山口県,61,288
上関,山口県,71,305
上関,山口県,71,304
下関,山口県,49,299
周東,山口県,70,300
宇部,山口県,54,301
宇部,山口県,53,300
山口,山口県,57,300
岩国,山口県,71,296
岩国,山口県,72,296
徳地,山口県,62,295
徳山,山口県,65,301
徳山,山口県,65,299
東和,山口県,77,302
東和,山口県,76,303
柳井,山口県,71,301
玖珂,山口県,70,298
生雲中,山口県,61,291
田万川,山口県,62,285
美川,山口県,69,295
美川,山口県,68,295
美東,山口県,56,295
美祢,山口県,51,298
美祢,山口県,53,296
菊川,山口県,49,298
萩,山口県,56,291
萩,山口県,56,290
豊北,山口県,47,293
豊浦,山口県,47,297
豊浦,山口県,47,297
長門,山口県,52,292
長門,山口県,52,291
防府,山口県,60,299
防府,山口県,59,300
須佐,山口県,61,285
鹿野,山口県,65,295
上山,山形県,238,200
上山,山形県,237,198
下屋地,山形県,229,204
中村,山形県,231,193
八幡,山形県,232,178
南陽,山形県,235,200
天童,山形県,239,193
寒河江,山形県,237,193
小国,山形県,227,202
小国,山形県,227,201
尾花沢,山形県,240,187
山形,山形県,237,196
山形,山形県,239,196
戸沢,山形県,235,184
新庄,山形県,237,183
新庄支所,山形県,238,183
最上,山形県,243,185
朝日,山形県,227,191
東根,山形県,239,192
清川,山形県,232,183
温海,山形県,223,187
立川,山形県,232,187
米沢,山形県,232,205
米沢,山形県,233,205
肘折,山形県,235,187
舟形,山形県,239,185
西川東,山形県,234,192
西川西,山形県,231,193
酒田,山形県,228,180
長井,山形県,232,200
高畠,山形県,235,203
鶴岡,山形県,227,184
上九一色,山梨県,203,263
丹波山,山梨県,209,256
六郷,山梨県,200,264
南部,山梨県,200,269
塩山,山梨県,206,259
増穂,山梨県,200,262
大月,山梨県,211,260
大月,山梨県,210,261
富士吉田,山梨県,207,264
早川,山梨県,198,265
早川,山梨県,198,265
早川北,山梨県,197,263
本栖,山梨県,203,264
甲府,山梨県,202,260
甲府2,山梨県,202,258
芦安,山梨県,199,260
西野原,山梨県,206,259
身延,山梨県,199,267
都留南,山梨県,210,263
須玉,山梨県,199,256
七宗,岐阜県,173,262
上宝,岐阜県,181,245
上石津,岐阜県,160,269
上石津,岐阜県,160,269
下呂,岐阜県,175,256
下呂北,岐阜県,176,256
中津川,岐阜県,180,265
中津川,岐阜県,181,264
付知,岐阜県,179,260
八幡,岐阜県,170,257
八百津,岐阜県,175,264
古川,岐阜県,174,245
各務原,岐阜県,168,266
土岐,岐阜県,175,266
坂内,岐阜県,158,261
大和,岐阜県,170,255
小坂,岐阜県,176,252
岐阜,岐阜県,165,265
恵那,岐阜県,179,265
揖斐川,岐阜県,162,264
明智,岐阜県,178,268
春日,岐阜県,159,266
朝日北,岐阜県,177,249
朝日南,岐阜県,178,251
東杉原,岐阜県,160,260
東白川,岐阜県,177,260
板取,岐阜県,166,258
板取,岐阜県,166,258
栃尾,岐阜県,181,245
根尾,岐阜県,163,260
河合,岐阜県,171,245
白川,岐阜県,168,245
白川,岐阜県,168,245
白鳥,岐阜県,167,253
神岡,岐阜県,178,242
神岡,岐阜県,177,243
美並,岐阜県,170,259
美山,岐阜県,165,261
美濃,岐阜県,169,262
美濃加茂,岐阜県,170,265
美濃加茂,岐阜県,170,265
羽島,岐阜県,164,269
荘川,岐阜県,169,250
荘川,岐阜県,169,250
谷汲,岐阜県,163,263
金山,岐阜県,173,259
金山,岐阜県,174,260
馬瀬,岐阜県,173,254
高富,岐阜県,166,263
高山,岐阜県,175,248
高山,岐阜県,176,247
高根,岐阜県,180,250
高鷲,岐阜県,168,252
上斎原,岡山県,108,269
上斎原,岡山県,108,269
下津井,岡山県,105,289
倉敷,岡山県,104,286
備前,岡山県,113,282
加茂,岡山県,110,271
勝央,岡山県,112,274
北房,岡山県,102,277
吉井,岡山県,111,278
哲多,岡山県,97,278
大原,岡山県,116,273
岡山,岡山県,105,281
岡山,岡山県,107,284
建部,岡山県,106,279
建部,岡山県,107,279
新見,岡山県,99,277
日生,岡山県,115,282
津山,岡山県,109,274
湯原,岡山県,103,271
湯原,岡山県,104,271
瀬戸,岡山県,111,282
玉野,岡山県,107,288
真備,岡山県,103,285
神郷,岡山県,95,275
笠岡,岡山県,99,288
美星,岡山県,100,284
落合,岡山県,104,276
西粟倉,岡山県,116,272
高梁,岡山県,101,281
一戸,岩手県,256,151
一関,岩手県,254,179
一関東,岩手県,252,178
一関西,岩手県,249,177
一関西2,岩手県,249,177
久慈,岩手県,267,149
久慈北,岩手県,268,147
久慈南,岩手県,266,151
九戸,岩手県,260,149
二戸,岩手県,258,147
二戸東,岩手県,259,147
二戸西,岩手県,255,147
住田,岩手県,260,173
北上,岩手県,255,170
大志田,岩手県,248,165
大東,岩手県,260,177
大船渡,岩手県,266,176
安代,岩手県,251,150
安代,岩手県,253,151
宮古,岩手県,271,162
山田,岩手県,271,166
山田,岩手県,272,166
岩泉,岩手県,265,158
岩泉,岩手県,265,158
川井,岩手県,266,163
川井北,岩手県,264,162
川井南,岩手県,266,166
川尻,岩手県,247,170
普代,岩手県,270,153
東和,岩手県,258,169
水沢,岩手県,255,174
玉山,岩手県,260,157
田老,岩手県,270,159
田老,岩手県,271,160
盛岡,岩手県,255,161
相去,岩手県,254,171
矢巾,岩手県,254,163
石鳥谷,岩手県,255,166
種市,岩手県,266,143
花巻北,岩手県,252,166
花巻南,岩手県,253,169
葛巻,岩手県,263,155
葛巻,岩手県,261,152
藤沢,岩手県,259,181
藪川,岩手県,259,158
西根,岩手県,253,155
軽米,岩手県,263,146
遠野,岩手県,263,170
金ヶ崎,岩手県,252,173
釜石,岩手県,269,171
釜石,岩手県,269,171
門馬,岩手県,261,162
陸前高田,岩手県,263,177
雫石,岩手県,251,162
下宇部尾,島根県,92,263
仁多,島根県,91,270
伯太,島根県,94,269
佐田,島根県,83,270
六日市,島根県,66,291
六日市,島根県,67,292
出雲,島根県,84,267
加茂,島根県,87,267
匹見,島根県,69,286
匹見,島根県,69,286
吉田,島根県,86,272
大田,島根県,79,271
布施,島根県,96,244
平田,島根県,85,265
広瀬,島根県,92,267
掛合,島根県,85,271
木次,島根県,87,269
松江,島根県,90,264
横田,島根県,91,271
江津,島根県,75,276
江津,島根県,73,276
津和野,島根県,64,289
浜田,島根県,70,279
瑞穂,島根県,79,279
益田,島根県,66,284
石見,島根県,77,279
美保関,島根県,95,262
美保関,島根県,92,263
美都,島根県,69,283
羽須美,島根県,82,279
西ノ島,島根県,89,249
邑智,島根県,79,274
邑智,島根県,81,274
都万,島根県,94,247
金城,島根県,73,279
鹿島,島根県,89,263
三原,広島県,90,291
三原,広島県,91,290
三次,広島県,86,280
世羅,広島県,90,286
佐伯,広島県,72,291
倉橋,広島県,79,297
口和,広島県,87,278
吉田,広島県,82,284
吉舎,広島県,88,283
向原,広島県,83,286
呉,広島県,82,293
呉,広島県,80,294
因島,広島県,92,293
大和,広島県,88,287
大野,広島県,74,293
尾道,広島県,93,290
広島,広島県,77,286
広島,広島県,78,291
広島南,広島県,77,290
府中,広島県,94,286
御調,広島県,92,288
戸河内,広島県,73,286
東城,広島県,95,278
東広島,広島県,85,289
東広島,広島県,84,290
沖美,広島県,77,295
油木,広島県,95,281
沼隈,広島県,96,291
湯来,広島県,74,288
甲奴,広島県,91,283
神石,広島県,92,280
神辺,広島県,98,287
福山,広島県,96,288
竹原,広島県,87,292
芸北,広島県,76,282
芸北,広島県,74,283
西城,広島県,91,277
豊平,広島県,77,284
高野,広島県,87,275
上勝,徳島県,117,303
井川,徳島県,107,300
市場,徳島県,115,298
徳島,徳島県,120,301
徳島,徳島県,121,299
日和佐,徳島県,120,306
木屋平,徳島県,112,303
木屋平,徳島県,114,302
木頭,徳島県,113,306
東祖谷山,徳島県,108,303
池田,徳島県,105,300
海南,徳島県,116,309
牟岐,徳島県,118,308
由岐,徳島県,121,306
貞光,徳島県,111,300
貞光,徳島県,111,299
阿南,徳島県,122,303
鳴門,徳島県,122,295
三崎,愛媛県,71,316
三崎,愛媛県,71,315
丹原,愛媛県,90,303
今治,愛媛県,89,299
伊予,愛媛県,83,306
伊予三島,愛媛県,100,301
伊方,愛媛県,75,313
八幡浜,愛媛県,78,314
北条,愛媛県,84,301
大洲,愛媛県,81,311
宇和,愛媛県,79,314
宇和島,愛媛県,80,319
宮窪,愛媛県,90,296
川内,愛媛県,87,305
広田,愛媛県,85,309
新宮,愛媛県,102,302
新居浜,愛媛県,95,302
日吉,愛媛県,85,317
東予,愛媛県,91,302
松山,愛媛県,83,305
柳谷,愛媛県,89,312
河辺,愛媛県,84,313
津島,愛媛県,80,324
砥部,愛媛県,85,307
美川,愛媛県,89,309
肱川,愛媛県,83,314
西条,愛媛県,93,304
西海,愛媛県,79,326
長浜,愛媛県,78,310
作手,愛知県,179,277
作手,愛知県,179,276
南知多,愛知県,169,282
名古屋,愛知県,170,274
安城,愛知県,172,277
安城,愛知県,171,278
小牧,愛知県,169,268
尾西,愛知県,165,268
岡崎,愛知県,175,277
常滑,愛知県,168,279
幡豆,愛知県,173,281
新城,愛知県,180,278
旭,愛知県,179,270
春日井,愛知県,172,268
津島,愛知県,165,272
清洲,愛知県,167,270
渥美,愛知県,171,285
渥美,愛知県,173,285
田原,愛知県,176,284
知多,愛知県,168,276
稲武,愛知県,181,271
美浜,愛知県,169,281
蒲郡,愛知県,175,280
藤岡,愛知県,175,271
設楽,愛知県,181,272
設楽,愛知県,182,273
豊根,愛知県,185,271
豊橋,愛知県,178,284
豊橋,愛知県,179,282
豊橋北,愛知県,179,281
豊田,愛知県,173,274
足助,愛知県,177,272
足助,愛知県,177,272
長久手,愛知県,171,271
長篠,愛知県,182,277
額田,愛知県,177,278
鳳来,愛知県,183,276
三条,新潟県,210,211
上川,新潟県,219,213
下田,新潟県,214,214
両津,新潟県,200,200
中条,新潟県,219,201
佐和田,新潟県,197,202
六日,新潟県,211,225
加茂,新潟県,212,211
十日町,新潟県,207,222
塩沢,新潟県,208,226
塩沢,新潟県,208,226
妙高,新潟県,196,228
妙高高原,新潟県,193,230
安塚,新潟県,200,224
寒川,新潟県,221,191
寺泊,新潟県,206,211
小出,新潟県,210,221
小千谷,新潟県,207,219
小木,新潟県,196,207
岩谷口,新潟県,200,196
川西,新潟県,206,222
巻,新潟県,209,208
新井,新潟県,196,226
新津,新潟県,214,207
新潟,新潟県,211,204
新発田,新潟県,218,203
朝日,新潟県,222,195
村上,新潟県,221,197
村松,新潟県,216,210
村松,新潟県,215,210
松ヶ崎,新潟県,201,204
柏崎,新潟県,202,218
津南,新潟県,204,226
津川,新潟県,221,210
湯之谷,新潟県,211,221
湯沢,新潟県,207,231
牧,新潟県,199,225
直江津,新潟県,195,223
糸魚川,新潟県,188,228
糸魚川,新潟県,188,226
聖籠,新潟県,217,203
荒川,新潟県,220,199
長岡,新潟県,209,216
長岡,新潟県,208,216
長岡支所,新潟県,209,216
関川,新潟県,222,199
鹿瀬,新潟県,221,210
三宅,東京都,221,299
亀戸,東京都,228,259
八丈,東京都,227,322
八広,東京都,228,258
八枝,東京都,228,260
八王子,東京都,216,259
八王子,東京都,219,260
塩浜,東京都,228,259
奥戸,東京都,229,258
宇喜田,東京都,229,259
小金井,東京都,221,259
岡田,東京都,219,281
府中,東京都,221,260
新宿,東京都,225,258
新島,東京都,216,291
東白鬚,東京都,228,258
東雲,東京都,227,260
桧原,東京都,214,258
横網,東京都,227,259
檜原南,東京都,214,259
氷川,東京都,213,256
江東,東京都,228,261
波浮港,東京都,220,283
猿江,東京都,228,259
瑞江,東京都,229,259
町田,東京都,220,262
砂町,東京都,228,260
神着,東京都,222,297
篠崎,東京都,229,258
豊洲,東京都,227,260
越中島,東京都,227,259
辰巳,東京都,228,260
青梅,東京都,217,256
今市,栃木県,227,234
今市,栃木県,226,233
北高岡,栃木県,235,238
塩原,栃木県,227,227
大田原,栃木県,232,230
宇都宮,栃木県,229,238
宇都宮,栃木県,229,237
小山,栃木県,227,244
小川,栃木県,234,233
栗山東,栃木県,224,230
栗山西,栃木県,220,230
氏家,栃木県,231,234
湯元,栃木県,220,231
真岡,栃木県,230,240
真岡,栃木県,232,241
矢板,栃木県,228,230
矢板,栃木県,230,231
粟野,栃木県,224,238
芳賀,栃木県,233,238
芹沼,栃木県,226,233
茂木,栃木県,235,238
葛生,栃木県,224,242
藤原,栃木県,226,231
藤原2,栃木県,225,227
足尾,栃木県,220,236
馬頭,栃木県,235,233
鹿沼,栃木県,227,238
黒磯,栃木県,233,228
上原,沖縄県,26,183
久米島,沖縄県,87,136
伊原間,沖縄県,37,181
具志川,沖縄県,109,135
名護,沖縄県,112,130
国頭,沖縄県,116,126
城辺,沖縄県,59,175
新栄,沖縄県,34,185
狩俣,沖縄県,57,173
知念,沖縄県,109,141
那覇,沖縄県,106,139
今津,滋賀県,151,265
余呉,滋賀県,154,263
信楽,滋賀県,151,279
信楽,滋賀県,151,279
多賀,滋賀県,157,270
大津,滋賀県,147,270
大津,滋賀県,148,276
彦根,滋賀県,155,270
志賀,滋賀県,148,271
日野,滋賀県,155,277
朽木,滋賀県,148,267
永源寺,滋賀県,156,274
甲西,滋賀県,152,276
甲賀,滋賀県,155,278
近江八幡,滋賀県,152,273
長浜,滋賀県,155,267
一の宮,熊本県,51,327
三角,熊本県,39,334
三角,熊本県,38,334
上,熊本県,46,344
五木,熊本県,45,340
人吉,熊本県,43,344
人吉,熊本県,44,345
八代,熊本県,40,337
多良木,熊本県,47,343
大津,熊本県,46,328
天草,熊本県,28,340
宇土,熊本県,41,333
小国,熊本県,50,322
小国,熊本県,50,322
山鹿,熊本県,42,324
新和,熊本県,32,342
新和,熊本県,32,340
本渡,熊本県,32,338
水俣,熊本県,35,345
水俣,熊本県,36,344
泉,熊本県,46,337
波野,熊本県,53,326
熊本,熊本県,44,330
牛深,熊本県,29,345
玉名,熊本県,39,325
玉名,熊本県,39,327
田浦,熊本県,38,340
白水,熊本県,50,330
益城,熊本県,45,330
矢部,熊本県,49,333
矢部,熊本県,48,333
砥用,熊本県,46,334
芦北,熊本県,40,342
菊池,熊本県,45,325
豊野,熊本県,43,334
阿蘇,熊本県,49,326
高森,熊本県,51,329
鹿北,熊本県,42,322
龍ヶ岳,熊本県,36,340
七塚,石川県,164,233
七尾,石川県,170,226
内浦,石川県,175,218
加賀,石川県,156,244
大町,石川県,169,221
大谷,石川県,174,214
富来,石川県,165,222
富来,石川県,164,223
小松,石川県,159,242
尾口,石川県,165,245
志賀,石川県,167,225
柳田,石川県,171,218
正院,石川県,176,216
津幡,石川県,166,233
珠洲,石川県,176,214
白峰,石川県,163,247
穴水,石川県,170,221
穴水,石川県,168,221
羽咋,石川県,166,229
能都,石川県,173,219
輪島,石川県,169,217
金沢,石川県,163,239
金沢,石川県,163,238
鳥越,石川県,162,242
三崎,神奈川県,224,272
二俣川,神奈川県,222,265
厚木,神奈川県,218,266
厚木,神奈川県,218,265
小田原,神奈川県,214,269
山北,神奈川県,213,267
山北中,神奈川県,212,266
山北南,神奈川県,213,267
川崎,神奈川県,225,263
平塚,神奈川県,218,268
松田,神奈川県,214,267
横浜,神奈川県,222,264
横浜,神奈川県,224,265
横須賀,神奈川県,224,269
清川,神奈川県,215,264
相模原,神奈川県,218,262
秦野,神奈川県,215,266
葉山,神奈川県,224,269
藤沢,神奈川県,221,267
藤野,神奈川県,214,260
藤野,神奈川県,214,261
鎌倉,神奈川県,222,268
三国,福井県,153,246
三方,福井県,147,262
三方,福井県,148,262
今庄,福井県,154,257
和泉,福井県,164,253
和泉,福井県,164,254
大野,福井県,160,252
小浜,福井県,145,265
小浜,福井県,145,264
敦賀,福井県,151,260
敦賀,福井県,151,260
武生,福井県,154,254
永平寺,福井県,157,249
福井,福井県,155,250
織田,福井県,151,253
越廼,福井県,150,250
高浜,福井県,140,264
高浜,福井県,141,264
中間,福岡県,42,305
久留米,福岡県,38,317
八女,福岡県,39,319
前原,福岡県,32,311
北九州,福岡県,48,303
北九州,福岡県,46,304
嘉穂,福岡県,43,311
大刀洗,福岡県,41,316
大牟田,福岡県,37,324
宇美,福岡県,39,311
小石原,福岡県,45,313
柳川,福岡県,36,321
浮羽,福岡県,45,318
浮羽,福岡県,44,317
添田,福岡県,45,311
犀川,福岡県,47,312
玄海,福岡県,39,304
玄海,福岡県,38,304
甘木,福岡県,42,314
矢部,福岡県,45,321
福岡,福岡県,36,310
筑紫野,福岡県,38,313
若宮,福岡県,40,308
行橋,福岡県,49,307
豊前,福岡県,51,310
飯塚,福岡県,42,309
いわき,福島県,250,224
いわき東,福島県,251,226
いわき西,福島県,243,227
三春,福島県,242,215
下郷,福島県,229,220
下郷,福島県,229,219
中野,福島県,234,217
二本松,福島県,240,212
伊南,福島県,222,222
会津若松,福島県,230,215
会津高田,福島県,228,216
勿来,福島県,248,229
南郷,福島県,222,220
原町,福島県,251,211
古殿,福島県,243,225
只見,福島県,218,218
只見,福島県,218,218
喜多方,福島県,229,211
大熊,福島県,251,217
小野,福島県,244,220
川俣,福島県,244,210
川内,福島県,248,218
平田,福島県,243,221
広野,福島県,252,221
桧枝岐,福島県,219,226
梁川,福島県,244,206
棚倉,福島県,239,226
檜枝岐,福島県,219,226
浪江,福島県,252,215
滝原,福島県,225,225
熱塩加納,福島県,229,209
猪苗代,福島県,235,211
猪苗代,福島県,234,213
白河,福島県,235,224
相馬,福島県,250,207
矢吹,福島県,238,222
矢祭,福島県,240,230
福島,福島県,239,208
福島,福島県,241,208
船引,福島県,243,216
葛尾,福島県,247,214
西会津,福島県,226,208
西会津,福島県,224,212
西郷,福島県,233,223
郡山,福島県,240,218
郡山,福島県,239,217
都路,福島県,246,215
金山,福島県,222,216
長沼,福島県,236,220
須賀川,福島県,239,220
飯舘,福島県,246,210
高郷,福島県,226,212
中仙,秋田県,244,164
五城目,秋田県,236,155
八森,秋田県,231,144
協和,秋田県,240,161
協和,秋田県,238,163
大曲,秋田県,241,166
大森,秋田県,239,169
大館,秋田県,243,146
大館,秋田県,243,147
宮田,秋田県,243,158
小坂,秋田県,249,142
小坂,秋田県,247,145
本荘,秋田県,232,168
東成瀬,秋田県,246,173
椿台,秋田県,246,174
横手,秋田県,243,170
湯沢,秋田県,241,173
玉川,秋田県,245,159
琴丘,秋田県,233,152
田代,秋田県,241,146
田沢湖,秋田県,246,160
男鹿,秋田県,227,154
男鹿,秋田県,228,156
矢島,秋田県,234,172
秋田,秋田県,233,160
能代,秋田県,232,148
藤里,秋田県,236,145
藤里,秋田県,237,146
西仙北,秋田県,239,164
西木北,秋田県,243,158
西木南,秋田県,243,161
角館,秋田県,243,163
象潟,秋田県,230,173
阿仁,秋田県,240,154
阿仁,秋田県,240,153
雄勝,秋田県,242,178
雄勝,秋田県,241,177
飯田川,秋田県,233,156
烏海,秋田県,238,176
烏海,秋田県,235,173
鹿角,秋田県,248,152
鹿角,秋田県,247,148
みどり,群馬県,218,239
万場,群馬県,210,248
下仁田,群馬県,206,245
下仁田,群馬県,206,246
伊勢崎,群馬県,215,244
伊勢崎,群馬県,215,244
利根,群馬県,215,234
前橋,群馬県,214,243
吾妻,群馬県,206,239
坂本,群馬県,205,243
太田,群馬県,218,244
嬬恋,群馬県,201,239
嬬恋,群馬県,201,239
富岡,群馬県,209,244
桐生,群馬県,218,241
水上,群馬県,210,232
水上2,群馬県,212,230
沼田,群馬県,213,235
渋川,群馬県,211,240
片品,群馬県,216,232
神流,群馬県,209,248
草津,群馬県,203,236
館林,群馬県,222,245
館林,群馬県,222,246
高山,群馬県,209,236
高崎,群馬県,211,243
つくば,茨城県,233,246
つくば,茨城県,233,248
つくば南,茨城県,234,252
ひたちなか,茨城県,244,242
下妻,茨城県,231,247
下館,茨城県,231,244
北茨城,茨城県,245,230
北茨城2,茨城県,245,230
十王,茨城県,243,234
取手,茨城県,232,253
古河,茨城県,225,247
土浦,茨城県,235,249
大子,茨城県,238,231
大子,茨城県,239,232
大宮,茨城県,240,238
大洋,茨城県,243,248
山方,茨城県,240,236
岩井,茨城県,230,250
岩瀬,茨城県,234,242
常北,茨城県,239,240
御前山,茨城県,238,238
日立,茨城県,245,237
水戸,茨城県,241,242
江戸崎,茨城県,238,252
江戸崎,茨城県,238,252
波崎2,茨城県,246,255
石下,茨城県,231,249
石岡,茨城県,237,247
笠間,茨城県,236,242
那珂湊,茨城県,244,243
鉾田,茨城県,241,247
霞ヶ浦,茨城県,238,249
高萩,茨城県,243,232
高萩,茨城県,246,234
鹿嶋,茨城県,244,252
上対馬,長崎県,17,284
佐世保,長崎県,22,320
佐世保北,長崎県,23,320
佐世保南,長崎県,24,322
千々石,長崎県,32,330
口之津,長崎県,32,334
国分,長崎県,13,295
大村,長崎県,27,327
大瀬戸,長崎県,21,327
宇久,長崎県,10,319
小長井,長崎県,32,327
島原,長崎県,35,330
平戸,長崎県,16,320
平戸,長崎県,19,316
志々伎,長崎県,16,320
東彼杵,長崎県,26,324
松浦,長崎県,22,316
玉之浦,長崎県,0,334
琴海,長崎県,24,326
琴海,長崎県,24,327
福江,長崎県,4,333
若松,長崎県,8,328
諫早,長崎県,28,329
豊玉,長崎県,14,291
郷ノ浦,長崎県,22,306
野母崎,長崎県,23,335
長崎,長崎県,25,332
長崎,長崎県,25,331
高来,長崎県,31,327
三郷,長野県,188,245
上山田,長野県,194,240
上松,長野県,185,256
上田,長野県,196,241
中野,長野県,198,233
伊那,長野県,189,255
伊那,長野県,190,255
佐久,長野県,202,248
信州新,長野県,192,237
信濃,長野県,195,231
南信濃,長野県,189,268
南木曽,長野県,183,261
南木曽,長野県,183,261
南牧,長野県,201,252
喬木,長野県,188,263
塩尻,長野県,190,248
大町,長野県,188,239
大町中,長野県,187,238
大鹿,長野県,191,262
天龍,長野県,188,269
奈川,長野県,184,250
安曇,長野県,186,247
富士見,長野県,197,253
富士見,長野県,195,253
小海,長野県,201,249
小諸,長野県,200,243
山ノ内,長野県,199,233
川上,長野県,203,252
平谷,長野県,183,268
御代田,長野県,201,243
戸隠,長野県,193,234
木曽福島,長野県,185,255
木祖,長野県,186,252
杭瀬下,長野県,193,238
松川,長野県,188,261
松本,長野県,191,245
松本,長野県,190,245
楢川,長野県,187,252
武石,長野県,196,244
王滝,長野県,181,256
生坂,長野県,190,240
白馬,長野県,188,234
白馬,長野県,188,234
穂高,長野県,187,242
穂高,長野県,188,243
茅野,長野県,195,253
諏訪,長野県,193,250
辰野,長野県,189,251
野沢温泉,長野県,200,229
長谷,長野県,192,256
長野,長野県,195,235
長門,長野県,196,245
開田,長野県,183,253
阿智2,長野県,185,264
飯山,長野県,198,230
飯田,長野県,191,265
飯田,長野県,187,263
駒ヶ根,長野県,189,258
むつ,青森県,256,121
三沢,青森県,259,136
中里,青森県,240,129
五所川原,青森県,241,133
今別,青森県,241,124
佐井,青森県,249,119
八戸,青森県,261,139
八戸,青森県,262,140
八甲田,青森県,250,136
六ヶ所,青森県,259,129
六ヶ所,青森県,259,129
十和田,青森県,256,138
十和田湖東,青森県,255,139
十和田湖西,青森県,252,139
南通,青森県,260,123
南部,青森県,257,143
名川,青森県,259,142
大畑,青森県,255,119
大間,青森県,250,116
大間,青森県,250,116
大鰐,青森県,243,141
子ノ口,青森県,251,142
小泊,青森県,238,125
尻屋,青森県,261,119
岩木,青森県,239,138
川内,青森県,252,123
川内,青森県,252,124
弘前,青森県,242,138
新郷,青森県,254,142
東田沢,青森県,250,129
横浜,青森県,257,127
深浦,青森県,232,135
深浦,青森県,230,137
田子,青森県,252,146
碇ヶ関,青森県,244,141
福浦,青森県,248,121
脇野沢,青森県,248,125
蟹田,青森県,244,127
西目屋,青森県,237,140
西目屋,青森県,237,139
野辺地,青森県,254,132
野辺地,青森県,255,132
青森,青森県,245,132
青森,青森県,247,133
鯵ヶ沢,青森県,235,134
鰺ヶ沢,青森県,238,134
黒石,青森県,245,138
伊東,静岡県,213,277
伊東中,静岡県,213,277
佐久間,静岡県,187,274
修善寺,静岡県,209,276
修善寺,静岡県,210,276
函南,静岡県,211,274
初島2,静岡県,215,275
南伊豆,静岡県,208,284
南伊豆,静岡県,207,284
土肥,静岡県,207,278
天竜,静岡県,187,279
富士宮,静岡県,203,271
川奈,静岡県,214,277
川根,静岡県,192,277
川根,静岡県,192,277
引佐,静岡県,184,280
御殿場,静岡県,210,268
掛川,静岡県,191,281
掛川3,静岡県,191,279
新居,静岡県,182,283
春野,静岡県,189,276
本川根,静岡県,193,273
東伊豆,静岡県,212,280
松崎,静岡県,207,282
梅ヶ島,静岡県,198,270
榛原,静岡県,195,282
水窪北,静岡県,189,270
河津,静岡県,210,281
沼津,静岡県,208,273
浜岡,静岡県,193,285
浜松,静岡県,186,284
浜松,静岡県,185,283
清水,静岡県,200,275
清水北,静岡県,199,273
清水南,静岡県,201,276
湖西,静岡県,181,283
焼津,静岡県,197,279
熱海,静岡県,213,272
芝川,静岡県,202,271
蒲原,静岡県,203,273
藤枝,静岡県,195,278
袋井,静岡県,189,281
裾野,静岡県,209,271
西伊豆,静岡県,207,281
西伊豆西,静岡県,206,281
静岡,静岡県,198,277
静岡北,静岡県,195,268
静岡南,静岡県,198,275
龍山東,静岡県,188,276
三木,香川県,112,294
三野,香川県,103,295
丸亀,香川県,105,294
内海,香川県,116,289
内海,香川県,116,289
土庄,香川県,115,287
大内,香川県,116,295
引田,香川県,118,295
琴南,香川県,108,296
綾上,香川県,108,295
観音寺,香川県,102,298
長尾,香川県,113,294
高松,香川県,110,292
中村,高知県,88,323
中村,高知県,88,325
伊野,高知県,98,312
佐賀,高知県,91,323
北川,高知県,112,312
吾北,高知県,96,308
吾川,高知県,93,311
土佐,高知県,98,313
土佐山田,高知県,103,310
土佐清水,高知県,88,330
土佐清水,高知県,89,331
大月,高知県,83,329
大正,高知県,89,318
大正,高知県,89,320
大豊,高知県,102,306
安芸,高知県,107,313
室戸,高知県,113,318
室戸,高知県,113,318
宿毛,高知県,83,326
本山,高知県,101,306
本川,高知県,96,306
東洋,高知県,115,312
檮原,高知県,87,315
池川,高知県,92,309
物部,高知県,107,308
芸西,高知県,106,312
須崎,高知県,95,315
須崎,高知県,95,315
香北,高知県,106,308
高知,高知県,100,311
倉吉,鳥取県,106,265
岩美,鳥取県,116,262
日南,鳥取県,95,272
日野,鳥取県,97,270
智頭,鳥取県,114,269
江府,鳥取県,99,269
河原,鳥取県,113,266
溝口,鳥取県,99,267
用瀬,鳥取県,114,267
米子,鳥取県,96,265
若桜,鳥取県,117,267
赤碕,鳥取県,102,264
赤碕,鳥取県,102,263
関金,鳥取県,104,267
鳥取,鳥取県,114,264
鹿野,鳥取県,110,264
上屋久,鹿児島県,40,388
上甑,鹿児島県,25,353
下甑,鹿児島県,22,358
与論,鹿児島県,121,119
中種子,鹿児島県,47,386
串木野,鹿児島県,34,356
伊仙,鹿児島県,130,103
佐多,鹿児島県,42,372
佐多,鹿児島県,42,372
内之浦,鹿児島県,50,368
内之浦,鹿児島県,49,367
出水,鹿児島県,35,347
加世田,鹿児島県,35,364
喜入,鹿児島県,39,365
国分,鹿児島県,43,356
垂水,鹿児島県,42,362
大口,鹿児島県,40,348
大和,鹿児島県,140,87
大崎,鹿児島県,49,363
大隅,鹿児島県,48,360
大隅,鹿児島県,48,359
姶良,鹿児島県,40,356
宮之城,鹿児島県,37,350
宮之城,鹿児島県,37,352
屋久,鹿児島県,39,393
山川,鹿児島県,41,369
川内,鹿児島県,35,353
川内,鹿児島県,34,354
指宿,鹿児島県,41,368
日吉,鹿児島県,35,359
東,鹿児島県,32,345
枕崎,鹿児島県,34,367
横川,鹿児島県,42,352
瀬戸内,鹿児島県,138,92
田代,鹿児島県,45,369
知名,鹿児島県,124,112
知覧,鹿児島県,37,365
祁答院,鹿児島県,38,353
笠利,鹿児島県,145,85
蒲生,鹿児島県,40,355
西之表,鹿児島県,48,381
郡山,鹿児島県,37,357
長島,鹿児島県,30,346
門倉崎,鹿児島県,46,390
阿久根,鹿児島県,32,350
阿久根,鹿児島県,32,349
頴娃,鹿児島県,38,368
鹿児島,鹿児島県,40,359
鹿屋,鹿児島県,45,364
鹿屋,鹿児島県,46,364
